node,positions
A CRAIG MACKINLAY,"(1822.7, 2481.0)"
A LANS BOVENBERG,"(1110.5, 2371.4)"
ABE DE JONG,"(3242.8, 1076.2)"
ABON MOZUMDAR,"(3439.0, 2935.9)"
ADAM V REED,"(2561.2, 2659.6)"
ADITYA KAUL,"(881.61, 2905.1)"
AHMET E KOCAGIL,"(4142.3, 316.64)"
AIGBE AKHIGBE,"(1989.7, 1159.3)"
AJAY KHORANA,"(1213.7, 2936.0)"
AJAY PATEL,"(1048.4, 2664.0)"
AKHTAR R SIDDIQUE,"(2272.1, 2087.5)"
AKIYOSHI HORIUCHI,"(4010.5, 2754.0)"
ALAN C STOCKMAN,"(1787.5, 4266.0)"
ALAN GOODACRE,"(680.44, 961.93)"
ALAN K REICHERT,"(3705.1, 2461.4)"
ALASDAIR BREACH,"(2327.8, 787.35)"
ALBERT S KYLE,"(293.99, 1378.6)"
ALBERTO CYBO-OTTONE,"(3530.8, 504.0)"
ALBERTO DALMAZZO,"(3801.8, 3158.4)"
ALBERTO FRANCO POZZOLO,"(1769.9, 1242.0)"
ALBERTO MOEL,"(2871.1, 2200.5)"
ALEJANDRO BALBAS,"(842.0, 1466.4)"
ALEKSANDER BERENTSEN,"(4262.2, 2736.0)"
ALESSANDRO PRATI,"(834.84, 1843.9)"
ALEX FRINO,"(300.8, 4014.0)"
ALEXANDER DAVID,"(1786.9, 3204.0)"
ALEXANDER I SHAPIRO,"(1081.8, 1674.0)"
ALEXANDER J MCNEIL,"(2612.0, 378.0)"
ALEXANDER KWOK-WAH FUNG,"(3601.6, 3283.9)"
ALEXANDER P LJUNGQVIST,"(2923.4, 1829.0)"
ALFONSO DUFOUR,"(3002.0, 3510.0)"
ALFRED LEHAR,"(2627.4, 1746.0)"
ALFREDO IBANEZ,"(769.79, 1465.9)"
ALISA A ROELL,"(3288.6, 2106.0)"
ALISTAIR MILNE,"(2457.2, 36.0)"
ALLAN C EBERHART,"(2340.2, 2137.4)"
ALLAN D BRUNNER,"(2703.6, 4284.0)"
ALLAN TIMMERMANN,"(2266.6, 658.64)"
ALLEN M POTESHMAN,"(2248.6, 4248.0)"
ALLEN N BERGER,"(2956.9, 2980.7)"
ALON BRAV,"(2659.6, 2719.5)"
AMEDEO AMATO,"(4125.5, 648.0)"
AMELIA HILL,"(229.59, 4024.6)"
AMIR ZIV,"(3854.5, 1943.6)"
AMY P HUTTON,"(3677.3, 1566.6)"
ANA LOZANO-VIVAS,"(1497.1, 2324.4)"
ANANTH MADHAVAN,"(1110.7, 694.64)"
ANAT R ADMATI,"(501.6, 2916.0)"
ANDERS LOFLUND,"(2563.5, 3806.4)"
ANDRE KRONIMUS,"(1853.8, 2733.0)"
ANDRE LUCAS,"(2119.6, 3360.0)"
ANDREA BELTRATTI,"(577.5, 2772.0)"
ANDREA BURASCHI,"(1614.9, 932.15)"
ANDREA CARPENTIERI,"(3706.6, 817.93)"
ANDREA SIRONI,"(97.293, 1404.0)"
ANDREI A KIRILENKO,"(4296.7, 1728.0)"
ANDREI SHLEIFER,"(2427.2, 3318.8)"
ANDRES ALMAZAN,"(4340.9, 630.0)"
ANDREW ANG,"(2064.1, 2124.7)"
ANDREW C SZAKMARY,"(1474.3, 2022.4)"
ANDREW D CLARE,"(3707.7, 1753.9)"
ANDREW F SIEGEL,"(863.69, 1908.0)"
ANDREW G HALDANE,"(724.25, 2708.4)"
ANDREW K ROSE,"(3536.9, 2592.0)"
ANDREW METRICK,"(1033.0, 3182.8)"
ANDREW R AZIZ,"(2183.4, 360.0)"
ANDREW W LO,"(1863.6, 2398.0)"
ANDY NARANJO,"(1490.8, 1739.9)"
ANGELA G MORGAN,"(4114.6, 2214.0)"
ANIL BANGIA,"(1872.0, 2766.2)"
ANIL K KASHYAP,"(1902.6, 2125.2)"
ANIL SHIVDASANI,"(1288.5, 3252.7)"
ANITA K PENNATHUR,"(1848.7, 1962.0)"
ANITA LO,"(2888.8, 2828.2)"
ANJAN V THAKOR,"(3183.1, 3617.5)"
ANJOLEIN SCHMEITS,"(3251.2, 3492.0)"
ANN E SHERMAN,"(2657.2, 3527.5)"
ANN MARIE WHYTE,"(1913.5, 1149.8)"
ANNA D MARTIN,"(2035.8, 1098.0)"
ANNA SCHERBINA,"(3699.2, 2726.4)"
ANNE MA SERGEANT,"(4042.7, 1918.6)"
ANNE MARIE FAUGERON-CROUZET,"(3471.9, 1817.5)"
ANNE MIKKOLA,"(4275.8, 2808.0)"
ANNETTE B POULSEN,"(4043.4, 2224.6)"
ANTHONY D HALL,"(3869.0, 3283.9)"
ANTHONY M SANTOMERO,"(1720.9, 1681.6)"
ANTHONY NEUBERGER,"(3943.2, 2404.6)"
ANTHONY SAUNDERS,"(2421.9, 2294.8)"
ANTHONY W LYNCH,"(2493.8, 2545.3)"
ANTOINETTE SCHOAR,"(445.99, 4248.0)"
ANTONIO E BERNARDO,"(1804.0, 1811.1)"
ANTONIO S MELLO,"(3853.0, 316.64)"
ANTULIO N BOMFIM,"(2671.5, 3880.6)"
ANURAG GUPTA,"(2305.2, 3852.0)"
APOSTOLOS SERLETIS,"(4100.0, 2566.6)"
APRIL WRIGHT,"(578.09, 3589.9)"
ARIS A PROTOPAPADAKIS,"(3025.1, 3117.1)"
ARIS STOURAITIS,"(300.49, 1792.6)"
ARMANDO GOMES,"(3132.3, 4338.0)"
ARMEN HOVAKIMIAN,"(1413.8, 3960.0)"
ARNOLD R COWAN,"(4114.0, 1908.0)"
ARNOUD WA BOOT,"(3227.1, 3560.2)"
ARTURO BRIS,"(3463.2, 234.0)"
ARTURO ESTRELLA,"(1568.9, 4284.0)"
ARUNA SRINIVASAN,"(1829.8, 612.0)"
ARVIND KRISHNAMURTHY,"(4192.8, 3258.0)"
ASHER BLASS,"(4245.5, 2062.6)"
ASHISH DAS,"(1986.3, 2682.0)"
ASLI DEMIRGUC-KUNT,"(3180.1, 1975.5)"
ATUL GUPTA,"(3107.6, 262.64)"
AVANIDHAR SUBRAHMANYAM,"(3212.7, 1495.0)"
AVI WOHL,"(2719.9, 2581.9)"
AYO SALAMI,"(758.05, 674.41)"
B ESPEN ECKBO,"(1613.2, 3505.8)"
B PHILIPP KELLERHALS,"(596.49, 532.64)"
BALA V BALACHANDRAN,"(3611.6, 1310.0)"
BARBARA OSTDIEK,"(719.7, 2978.4)"
BARRY EICHENGREEN,"(2804.6, 126.0)"
BART M LAMBRECHT,"(4314.0, 4248.0)"
BARTHOLOMEW MOORE,"(4023.3, 1638.0)"
BEN AMOAKO-ADU,"(3424.3, 2509.7)"
BEN Z SCHREIBER,"(1082.0, 1390.0)"
BENGT HOLMSTROM,"(441.44, 2656.6)"
BENGT TURNER,"(3822.5, 2065.4)"
BENI LAUTERBACH,"(1012.1, 1398.0)"
BENJAMIN C ESTY,"(2482.4, 4302.0)"
BENJAMIN CROITORU,"(1149.7, 1799.6)"
BENJAMIN E HERMALIN,"(3982.8, 2844.0)"
BENJAMIN S WILNER,"(1846.1, 882.0)"
BENNETT T MCCALLUM,"(274.44, 2772.0)"
BENOIT MOJON,"(707.48, 3096.0)"
BENT VALE,"(617.79, 1591.9)"
BERNADETTE A MINTON,"(3158.1, 746.41)"
BERNARD DUMAS,"(1280.9, 946.14)"
BERNARD YEUNG,"(895.79, 3036.0)"
BERRY K WILSON,"(2398.6, 2216.0)"
BERT SCHOLTENS,"(4010.4, 1828.6)"
BERTRAND RIME,"(119.19, 3798.0)"
BETTY J SIMKINS,"(3620.6, 1890.0)"
BEVAN J BLAIR,"(2166.4, 3581.3)"
BHAGWAN CHOWDHRY,"(1785.0, 1898.7)"
BHASKARAN SWAMINATHAN,"(3105.8, 1542.5)"
BIAGIO BOSSONE,"(4169.8, 4320.0)"
BIING-SHEN KUO,"(4204.5, 2818.6)"
BJARNE FLORENTSEN,"(3936.7, 3628.6)"
BJORN N JORGENSEN,"(733.08, 2268.0)"
BONG SOO LEE,"(1258.3, 4140.0)"
BRAD M BARBER,"(2316.4, 2843.9)"
BRADFORD CORNELL,"(2775.6, 3278.1)"
BRADFORD D JORDAN,"(1193.3, 1944.4)"
BRENT W AMBROSE,"(2058.2, 586.64)"
BRETT TRUEMAN,"(2263.8, 2907.3)"
BRIAN C HATCH,"(1662.5, 1487.5)"
BRIAN F SMITH,"(3398.6, 2439.6)"
BRIAN JORGENSON,"(1333.1, 1391.5)"
BRUCE D GRUNDY,"(1457.0, 1192.7)"
BRUCE D SMITH,"(2168.1, 1510.8)"
BRUNO AMABLE,"(1053.2, 3410.6)"
BRUNO BIAIS,"(3515.9, 1760.2)"
BRUNO M PARIGI,"(3803.0, 2970.0)"
BRUNO SOLNIK,"(3730.0, 406.64)"
BRYAN R ROUTLEDGE,"(3336.1, 2863.6)"
BURTON G MALKIEL,"(3088.6, 1169.1)"
C FERGUSON,"(2448.1, 3456.0)"
CA KNOX LOVELL,"(1455.1, 2371.5)"
CAMPBELL R HARVEY,"(2208.2, 2023.7)"
CARL-HEINRICH KEHR,"(1357.4, 1327.2)"
CARLO A FAVERO,"(1520.9, 2825.8)"
CARLO ACERBI,"(4316.1, 1638.0)"
CARLOS D RAMIREZ,"(2922.8, 4266.0)"
CARMELO SALLEO,"(1897.8, 1297.1)"
CAROLINA MANZANO,"(3794.0, 496.64)"
CAROLINE BETTS,"(4104.4, 1332.0)"
CASPER G DE VRIES,"(768.7, 2330.4)"
CHAN-WOO LIM,"(1355.7, 3377.9)"
CHANSOG (FRANCIS) KIM,"(3178.3, 1682.5)"
CHARLES CAO,"(3046.3, 2579.3)"
CHARLES ENGEL,"(3466.5, 2608.5)"
CHARLES HUANG,"(1633.1, 3967.9)"
CHARLES J CORRADO,"(1206.0, 2028.9)"
CHARLES J HADLOCK,"(1368.6, 1584.0)"
CHARLES M JONES,"(2447.4, 3032.2)"
CHARLES MC LEE,"(3065.0, 1606.9)"
CHARLES R NELSON,"(3948.2, 3898.6)"
CHARLES R SCHNITZLEIN,"(4186.3, 1260.0)"
CHARLES W BISCHOFF,"(1024.6, 2358.6)"
CHARLES W HODGES,"(1504.1, 1482.2)"
CHEN WANG,"(354.35, 1458.0)"
CHENG-FEW LEE,"(2937.5, 986.01)"
CHEOL PARK,"(2243.6, 2700.0)"
CHESTER S SPATT,"(3314.0, 2792.3)"
CHITRU S FERNANDO,"(802.74, 799.93)"
CHONG K YIP,"(2223.6, 1563.3)"
CHONG SOO PYUN,"(3925.6, 1206.0)"
CHOON-GEOL MOON,"(3464.1, 2042.6)"
CHRIS BROOKS,"(3744.3, 1692.0)"
CHRIS KIRBY,"(684.09, 2916.0)"
CHRIS VELD,"(3254.5, 1003.8)"
CHRISTIAN J MURRAY,"(4019.4, 3888.0)"
CHRISTIAN SCHAGEN,"(1835.4, 2807.0)"
CHRISTIAN SCHITTENKOPF,"(2590.8, 1807.9)"
CHRISTIAN ZIMMERMANN,"(2895.5, 612.0)"
CHRISTINA V ATANASOVA,"(3137.5, 2019.2)"
CHRISTINE X JIANG,"(2576.9, 655.93)"
CHRISTOPHE PERIGNON,"(597.9, 1404.0)"
CHRISTOPHER A SIMS,"(228.69, 630.0)"
CHRISTOPHER C GECZY,"(2629.2, 2645.3)"
CHRISTOPHER G LAMOUREAUX,"(1530.9, 648.0)"
CHRISTOPHER I TELMER,"(3571.4, 2961.8)"
CHRISTOPHER J GREEN,"(826.98, 3780.0)"
CHRISTOPHER J MALLOY,"(3627.0, 2725.9)"
CHRISTOPHER LOTZ,"(3209.5, 4096.6)"
CHRISTOPHER M JAMES,"(1382.2, 1657.0)"
CHRISTOPHER MANN,"(833.9, 3506.0)"
CHRISTOPHER POLK,"(2350.5, 3136.2)"
CHRISTOPHER S JONES,"(3940.6, 144.0)"
CHRISTOPHER SLEET,"(2108.3, 1441.1)"
CHRISTOS PANTZALIS,"(3252.8, 1685.5)"
CHUAN-YANG HWANG,"(4087.5, 828.0)"
CHUN I LEE,"(1577.3, 1906.4)"
CHUN SHENG ZHOU,"(1264.2, 144.0)"
CINDY I NIFFIKEER,"(3763.0, 1447.9)"
CLAUDIO MORANA,"(506.29, 2782.6)"
CLIFFORD A BALL,"(3062.1, 1452.0)"
CLIFFORD GRIEP,"(549.24, 1126.6)"
CLIFFORD P STEPHENS,"(3529.1, 1008.0)"
CLIFFORD W SMITH,"(3224.7, 872.41)"
COLIN CLUBB,"(371.7, 1782.0)"
COLIN MAYER,"(1471.3, 3896.4)"
CONNEL FULLENKAMP,"(4140.5, 910.64)"
CONRAD S CICCOTELLO,"(3187.5, 2499.1)"
CORNELIA HOLTHAUSEN,"(2276.3, 442.64)"
COSTIS SKIADAS,"(451.5, 1656.0)"
CRAIG G DUNBAR,"(284.44, 4320.0)"
CRAIG M LEWIS,"(1950.6, 3787.9)"
D ALASDAIR S TURNBULL,"(3342.2, 2408.1)"
D BRUCE JOHNSEN,"(2854.6, 1692.0)"
DAISUKE NAKAZATO,"(3448.7, 162.0)"
DAN GALAI,"(614.95, 836.41)"
DAN H MINGELGRIN,"(2480.1, 2745.3)"
DANIEL A ROGERS,"(2193.8, 1887.0)"
DANIEL BERGSTRESSER,"(2745.8, 1097.6)"
DANIEL C INDRO,"(2649.1, 656.41)"
DANIEL L THORNTON,"(4278.0, 3708.0)"
DANIEL LEVY,"(591.54, 3715.9)"
DANIEL M COVITZ,"(2861.0, 2980.0)"
DANIEL M HAUSMAN,"(2225.4, 1170.0)"
DANIEL N DELI,"(805.7, 3290.2)"
DANIEL WOLFENZON,"(2380.8, 3260.1)"
DANN PETERSEN,"(1917.9, 298.64)"
DARIO FOCARELLI,"(1825.2, 1291.0)"
DARIUS P MILLER,"(4064.7, 1494.0)"
DARIUS PALIA,"(71.494, 3060.0)"
DAVID A CHAPMAN,"(3897.1, 4068.0)"
DAVID A HILLIER,"(3639.5, 324.0)"
DAVID A HIRSHLEIFER,"(3398.5, 3353.7)"
DAVID A HSIEH,"(346.55, 3924.0)"
DAVID A PEEL,"(2987.5, 4186.6)"
DAVID A STANGELAND,"(3289.0, 1620.0)"
DAVID A WHIDBEE,"(486.99, 442.64)"
DAVID ABOODY,"(1668.2, 4194.0)"
DAVID B GROSS,"(2465.7, 3924.0)"
DAVID B HUMPHREY,"(690.0, 1592.4)"
DAVID C MAUER,"(3969.9, 748.64)"
DAVID C PARSLEY,"(1259.0, 298.64)"
DAVID C SMITH,"(4163.3, 3790.6)"
DAVID D LI,"(3394.5, 3743.5)"
DAVID EASLEY,"(1972.5, 2581.9)"
DAVID F LARCKER,"(2871.5, 1625.4)"
DAVID GOLDREICH,"(3462.6, 3618.0)"
DAVID H PAPELL,"(4085.7, 3078.0)"
DAVID I LAIBSON,"(1075.5, 3244.0)"
DAVID J DENIS,"(1125.5, 1097.9)"
DAVID K BACKUS,"(3502.1, 2934.0)"
DAVID K MUSTO,"(2554.0, 2601.3)"
DAVID L IKENBERRY,"(3627.4, 3898.6)"
DAVID L YERMACK,"(2579.6, 2276.5)"
DAVID LANDO,"(597.0, 1278.0)"
DAVID M JONES,"(96.643, 1836.0)"
DAVID M REEB,"(4296.4, 3618.0)"
DAVID R KUIPERS,"(1215.6, 1872.0)"
DAVID REIFSCHNEIDER,"(4102.3, 1998.0)"
DAVID ROSE,"(609.75, 3842.4)"
DAVID S BUNCH,"(2793.9, 4176.0)"
DAVID S SCHARFSTEIN,"(1822.6, 2192.4)"
DAVID T BROWN,"(1216.5, 2106.0)"
DAVIDE MENINI,"(1639.0, 864.0)"
DEBBY MY MOK,"(3638.2, 3222.0)"
DEBORAH J LUCAS,"(4140.3, 3178.6)"
DEBORAH RALSTON,"(614.69, 3528.0)"
DEEN KEMSLEY,"(3786.6, 1818.0)"
DEEPAK AGRAWAL,"(883.28, 3469.4)"
DEMOSTHENES N TAMBAKIS,"(4111.2, 1422.0)"
DENIS GROMB,"(1160.8, 1547.9)"
DENISE WOODBURY,"(2288.7, 1710.0)"
DENNIS Y CHUNG,"(518.3, 2268.0)"
DEON STRICKLAND,"(686.94, 4096.6)"
DEREK MAK,"(3592.5, 3762.0)"
DIANA HANCOCK,"(2892.5, 2945.4)"
DIANE K DENIS,"(1192.9, 1070.3)"
DICK VAN DIJK,"(2106.0, 3276.0)"
DICK VAN WENSVEEN,"(4081.7, 1818.0)"
DIDIER SORNETTE,"(1811.6, 3031.1)"
DIETER NAUTZ,"(4250.1, 712.64)"
DILIP ABREU,"(3413.6, 424.64)"
DILIP B MADAN,"(2945.2, 2450.2)"
DILIP K PATRO,"(1273.8, 2312.5)"
DIMITRI VAYANOS,"(1117.0, 1606.7)"
DIMITRIS BERTSIMAS,"(1785.9, 2400.7)"
DIRK TASCHE,"(4244.9, 1648.6)"
DMITRY LUKIN,"(3346.3, 4176.0)"
DOMENICO CUOCO,"(1131.8, 3960.0)"
DOMINIQUE DUPONT,"(226.09, 2286.0)"
DON M CHANCE,"(973.79, 2173.8)"
DONAL G MCKILLOP,"(2419.8, 3524.8)"
DONALD H DUTKOWSKY,"(3423.6, 630.0)"
DONALD J MULLINEAUX,"(2671.0, 3668.2)"
DONALD L SCHUNK,"(2020.2, 4266.0)"
DONALD P MORGAN,"(2908.4, 324.0)"
DONALD R FRASER,"(1339.7, 3542.2)"
DONG HEON KIM,"(2724.7, 4086.0)"
DONG-HYUN AHN,"(1250.2, 2562.1)"
DORON AVRAMOV,"(504.34, 4320.0)"
DORON NISSIM,"(3810.6, 1886.2)"
DOUGLAS D EVANOFF,"(1256.6, 4060.6)"
DOUGLAS HEARTH,"(3775.7, 1130.0)"
DOUGLAS J SKINNER,"(973.57, 956.09)"
DOUGLAS K PEARCE,"(2383.5, 4132.6)"
DOUGLAS LAXTON,"(574.14, 3780.0)"
DOUGLAS W DIAMOND,"(1760.0, 2111.6)"
DUANE J SEPPI,"(3265.7, 2849.4)"
DUSAN ISAKOV,"(526.69, 1414.6)"
DYLAN C THOMAS,"(1892.2, 4014.0)"
E PHILIP DAVIS,"(1135.8, 3524.8)"
EDITH S HOTCHKISS,"(3507.3, 1489.8)"
EDUARDO S SCHWARTZ,"(1961.6, 3020.4)"
EDWARD I ALTMAN,"(2330.0, 2304.8)"
EDWARD J KANE,"(1342.5, 3970.6)"
EDWARD NELLING,"(1270.7, 2983.9)"
EDWIN J ELTON,"(797.34, 3456.6)"
EKKEHART BOEHMER,"(4316.0, 3078.0)"
ELI OFEK,"(2592.1, 2196.0)"
ELIEZER Z PRISMAN,"(2112.2, 370.64)"
ELIJAH BREWER,"(3085.9, 745.93)"
ELISABETH HUYBENS,"(2100.7, 1497.2)"
ELIZABETH R ODDERS-WHITE,"(2440.5, 1098.0)"
ELMER STERKEN,"(1577.2, 3654.0)"
ELYAS ELYASIANI,"(4213.5, 306.0)"
ELYES JOUINI,"(302.89, 3790.6)"
EMANUELA ROSAZZA GIANIN,"(3899.1, 3808.6)"
EMILIA BONACCORSI DI PATTI,"(2857.7, 532.64)"
ENRICA DETRAGIACHE,"(3078.5, 2283.5)"
ENRIQUE G MENDOZA,"(4334.6, 396.0)"
ERIC A POWERS,"(1735.7, 2161.7)"
ERIC C CHANG,"(1156.1, 2888.9)"
ERIC FRIEDMAN,"(2278.4, 824.01)"
ERIC GHYSELS,"(3121.3, 2604.7)"
ERIC JONDEAU,"(631.44, 1717.9)"
ERIC O'N FISHER,"(3002.3, 4086.0)"
ERIC S ROSENGREN,"(1064.9, 3769.9)"
ERIC SCHALING,"(3490.8, 782.41)"
ERIC VAN TASSEL,"(1131.1, 4302.0)"
ERIC VAN WINCOOP,"(4198.6, 1170.0)"
ERIK GILLILAND,"(1179.2, 2252.2)"
ERIK LIE,"(1487.4, 2610.0)"
ERIK STAFFORD,"(661.35, 1934.4)"
ERIK THEISSEN,"(1378.7, 1254.1)"
ERKKI KOSKELA,"(1719.2, 4114.6)"
ERWAN MORELLEC,"(651.59, 108.0)"
ESLYN L JEAN-BAPTISTE,"(1716.5, 1602.0)"
ESTEBAN JADRESIC,"(201.59, 1602.0)"
ETTI G BARANOFF,"(1710.2, 342.0)"
EUGENE F FAMA,"(727.7, 2060.4)"
EVA LILJEBLOM,"(2491.3, 3805.9)"
EVREN ORS,"(1412.5, 2058.7)"
EWA MAJEROWSKA,"(2381.5, 532.64)"
F ALBERT WANG,"(2178.5, 2457.0)"
FABIO C BAGLIANO,"(3729.6, 3157.9)"
FABIO PANETTA,"(1856.5, 1357.2)"
FAN YU,"(1864.8, 3528.0)"
FARIBORZ MOSHIRIAN,"(1024.6, 144.0)"
FAUSTO PANUNZI,"(1171.7, 1476.0)"
FEDERICO M BANDI,"(4324.9, 1800.0)"
FERNANDO ALVAREZ,"(2772.9, 450.0)"
FERNANDO ZAPATERO,"(1060.6, 3970.6)"
FLORENCIO LOPEZ-DE-SILANES,"(2425.0, 3384.5)"
FRANCESC OBIOLS-HOMS,"(4018.8, 3708.0)"
FRANCESCA CORNELLI,"(3438.5, 3686.2)"
FRANCESCO DRUDI,"(1208.9, 496.64)"
FRANCIS A LONGSTAFF,"(1922.2, 3063.6)"
FRANCIS X DIEBOLD,"(1907.5, 2811.2)"
FRANCOIS M LONGIN,"(3801.3, 396.0)"
FRANK A SCHMID,"(935.52, 1530.0)"
FRANK M HATHEWAY,"(3119.4, 2539.8)"
FRANK SMETS,"(743.1, 3158.4)"
FRANKLIN ALLEN,"(1781.4, 1736.3)"
FRANKLIN G MIXON,"(2059.8, 4086.0)"
FRANS A DE ROON,"(3299.1, 946.39)"
FREDERICK C SHEN,"(613.5, 3906.0)"
FREDERIK P SCHLINGEMANN,"(2563.3, 1863.9)"
G DAVID HAUSHALTER,"(4302.5, 558.0)"
G GEOFFREY BOOTH,"(3445.5, 882.63)"
G WILLIAM SCHWERT,"(3686.6, 3618.0)"
GABRIEL G RAMIREZ,"(2783.3, 1170.0)"
GABRIEL PEREZ-QUIROS,"(2337.8, 648.0)"
GABRIELLA CHIESA,"(184.89, 378.0)"
GARY B GORTON,"(911.41, 1598.2)"
GAYLE L DELONG,"(1347.1, 4302.0)"
GEERT BEKAERT,"(2118.7, 2053.1)"
GENE D'AVOLIO,"(2958.0, 36.0)"
GEOFFREY VERTER,"(2757.9, 2199.2)"
GEORGE ALEXANDROU,"(685.84, 673.93)"
GEORGE ALLAYANNIS,"(2229.3, 3722.2)"
GEORGE BITTLINGMAYER,"(3898.6, 2304.0)"
GEORGE C CHACKO,"(2734.5, 2275.3)"
GEORGE J BORJAS,"(2931.1, 4096.6)"
GEORGE M CONSTANTINIDES,"(3033.2, 2736.0)"
GEORGE S OLDFIELD,"(4346.8, 3960.0)"
GEORGE SELGIN,"(97.943, 3510.0)"
GEORGE SOFIANOS,"(1975.9, 3906.0)"
GEORGE W FENN,"(3706.7, 234.0)"
GEORGE ZANJANI,"(157.79, 4176.0)"
GEORGES HUBNER,"(917.69, 4302.0)"
GERARD CAPRIO,"(2447.6, 2216.3)"
GIANCARLO MARINI,"(3766.2, 3096.0)"
GIANNI DE NICOLO,"(1039.0, 324.0)"
GIDEON SAAR,"(2019.4, 2366.4)"
GIKAS A HARDOUVELIS,"(3798.6, 2214.0)"
GILLIAN HIAN-HENG YEO,"(2986.9, 949.35)"
GIORGIO CONSIGLI,"(3763.0, 4338.0)"
GIORGIO GOBBI,"(2928.9, 522.0)"
GIORGIO P SZEGO,"(1723.8, 2286.0)"
GIOVANNI FERRI,"(2635.9, 1405.2)"
GIOVANNI MAJNONI,"(2575.1, 1372.1)"
GITANJALI PERSAND,"(3779.9, 1754.4)"
GIUSEPPE BERTOLA,"(871.43, 1782.0)"
GIUSEPPE GRANDE,"(360.99, 1882.6)"
GLENN D RUDEBUSCH,"(2742.7, 3870.0)"
GLENN HOGGARTH,"(1406.3, 2716.1)"
GLENN OTTO,"(1442.6, 198.0)"
GLORIA M SOTO,"(493.94, 36.0)"
GONGMENG CHEN,"(719.04, 2185.9)"
GORAN ROBERTSSON,"(3989.3, 2664.0)"
GORDON GEMMILL,"(1820.9, 4024.6)"
GORDON HANKA,"(2338.6, 900.0)"
GORDON J ALEXANDER,"(1658.2, 540.0)"
GORDON M BODNAR,"(1339.5, 989.34)"
GORDON M PHILLIPS,"(3069.3, 2070.8)"
GREG NIEHAUS,"(2037.4, 3654.0)"
GREGORY A WILLARD,"(3328.0, 3222.0)"
GREGORY B KADLEC,"(2542.4, 1664.3)"
GREGORY F UDELL,"(2887.6, 3047.7)"
GREGORY M HEBB,"(1295.7, 3599.5)"
GREGORY R DUFFEE,"(204.84, 2628.0)"
GREGORY W BROWN,"(919.21, 2588.2)"
GUILLAUME ROCHETEAU,"(3952.9, 2494.6)"
GUILLERMO A CALVO,"(4316.6, 3330.0)"
GUILLERMO LLORENTE,"(1980.3, 2393.7)"
GUOJUN WU,"(2083.6, 2010.0)"
GUR HUBERMAN,"(2656.5, 262.64)"
GURBACHAN SINGH,"(2543.5, 730.64)"
GURDIP S BAKSHI,"(2999.1, 2508.4)"
GUSTAVO GRULLON,"(2102.1, 2421.4)"
H DOUGLAS WITTE,"(1459.6, 658.64)"
H HENRY CAO,"(3358.7, 3290.7)"
HAIM MENDELSON,"(883.64, 514.64)"
HAITAO LI,"(199.25, 3268.6)"
HALEFORM BELAY,"(1073.9, 2322.0)"
HANQING ZHOU,"(2531.5, 4212.0)"
HANS DEGRYSE,"(545.34, 1792.6)"
HAO ZHOU,"(1436.8, 4212.0)"
HARALD HAU,"(68.894, 2412.0)"
HARALD SANDER,"(3991.1, 1738.6)"
HAROLD H ZHANG,"(3302.4, 2718.0)"
HAROLD J BRUMM,"(4374.3, 1476.0)"
HARRISON HONG,"(1962.0, 2255.4)"
HARRY DEANGELO,"(1001.6, 903.97)"
HARRY HUIZINGA,"(3234.9, 2028.0)"
HARRY J TURTLE,"(3327.6, 1677.8)"
HARRY MAMAYSKY,"(1899.1, 2364.3)"
HASSAN TEHRANIAN,"(872.54, 1026.0)"
HAZEM DAOUK,"(1416.3, 1362.3)"
HEATHER J SUGGITT,"(2257.5, 2263.5)"
HEDI D KALLAL,"(374.1, 3780.0)"
HEE-JOON AHN,"(2992.1, 2647.4)"
HEIKO EBENS,"(1976.5, 2813.6)"
HELEN A POPPER,"(1330.3, 288.0)"
HELYETTE GEMAN,"(2877.0, 2416.9)"
HEMANG DESAI,"(3575.0, 1260.6)"
HENDRIK BESSEMBINDER,"(2260.5, 1834.8)"
HENG-FU ZOU,"(2103.5, 4168.6)"
HENK BERKMAN,"(3555.9, 3823.9)"
HENNING BOHN,"(2706.0, 4356.0)"
HENRI SERVAES,"(1784.9, 2067.9)"
HERB JOHNSON,"(2722.7, 4186.6)"
HERCULES VLADIMIROU,"(3733.7, 3553.9)"
HERSCHEL I GROSSMAN,"(4055.1, 3988.6)"
HIROSHI OSANO,"(97.293, 1080.0)"
HONG LIU,"(3755.9, 4176.0)"
HONGBIN CAI,"(1750.8, 1857.3)"
HONGMIN ZI,"(2977.3, 2900.8)"
HRISTOS THEODORIDIS,"(4014.5, 3088.6)"
HSIU-LANG CHEN,"(1253.2, 845.34)"
HSUAN-CHI CHEN,"(1970.7, 1657.4)"
HUA FAN,"(846.32, 3707.5)"
HUA ZHANG,"(372.35, 828.0)"
HUAIQING WANG,"(283.14, 1468.6)"
HUGH THOMAS,"(94.043, 4338.0)"
HUNG-JEN WANG,"(3342.5, 4338.0)"
HUNTLEY SCHALLER,"(3952.1, 1648.6)"
HYUK CHOE,"(3044.5, 2662.0)"
I SERDAR DINC,"(2054.7, 666.0)"
IAN G SHARPE,"(1622.5, 1314.0)"
IFTEKHAR HASAN,"(1503.3, 2408.4)"
IHSAN ISIK,"(237.19, 2458.6)"
IKE MATHUR,"(1514.7, 1951.2)"
ILA M SEMENICK ALAM,"(4288.4, 2142.0)"
ILIA D DICHEV,"(2186.0, 3978.0)"
ILIAS LEKKOS,"(70.194, 2142.0)"
INMOO LEE,"(1121.8, 793.69)"
IOULIA D IOFFE,"(94.693, 1530.0)"
ITZHAK VENEZIA,"(2245.5, 2988.0)"
IVAN C ROTEN,"(2647.1, 3600.0)"
IVO WELCH,"(1855.7, 1752.5)"
J BENSON DURHAM,"(4323.6, 1332.0)"
J BRADFORD DELONG,"(210.69, 4248.0)"
J CARR BETTIS,"(2292.3, 1816.6)"
J CHRIS LEACH,"(4232.1, 3880.6)"
J COLIN GLASS,"(2378.2, 3463.1)"
J DARRELL DUFFIE,"(1458.3, 799.93)"
J DAVID CUMMINS,"(2936.6, 2890.4)"
J MICHAEL PINEGAR,"(3401.6, 3942.0)"
J SPENCER MARTIN,"(1500.9, 1133.9)"
JACK G WOLF,"(2307.9, 1951.4)"
JACOB A BIKKER,"(964.54, 4060.6)"
JACOB BOUDOUKH,"(1189.0, 2533.4)"
JACOB THOMAS,"(339.4, 3348.0)"
JAKOB DE HAAN,"(1449.2, 4132.6)"
JAMES A BRICKLEY,"(3189.1, 810.0)"
JAMES A KAHN,"(867.39, 1655.5)"
JAMES A WILCOX,"(1429.2, 378.0)"
JAMES B HEATON,"(2679.4, 2801.2)"
JAMES CLAUS,"(268.19, 3358.6)"
JAMES D HAMILTON,"(2653.5, 4096.6)"
JAMES F COTTER,"(1587.9, 270.0)"
JAMES J CHOI,"(1005.6, 3252.0)"
JAMES J MCANDREWS,"(2246.8, 1242.0)"
JAMES L DAVIS,"(692.08, 1998.0)"
JAMES M NASON,"(3322.5, 2599.9)"
JAMES M O'BRIEN,"(4059.3, 2124.0)"
JAMES M POTERBA,"(2701.9, 1040.2)"
JAMES N RIMBEY,"(3739.1, 1080.6)"
JAMES P WESTON,"(2273.2, 3779.6)"
JAMES R BOOTH,"(835.94, 1087.9)"
JAMES R MCCOWN,"(2755.0, 54.0)"
JAMES S ANG,"(1039.5, 1328.8)"
JAMES S LINCK,"(2392.3, 1871.9)"
JAMES T MOSER,"(3122.5, 684.0)"
JAMES W WANSLEY,"(1170.9, 3834.0)"
JAMES WUH LIN,"(997.94, 1267.1)"
JAN KAKES,"(292.49, 280.64)"
JAN MARC BERK,"(2856.2, 1494.0)"
JAN PIETER KRAHNEN,"(1309.0, 1268.7)"
JAN-EGBERT STURM,"(363.7, 270.0)"
JANE IHRIG,"(2205.3, 3654.0)"
JANET MITCHELL,"(530.45, 900.0)"
JARRAD HARFORD,"(2655.2, 1587.7)"
JASON T GREENE,"(1578.7, 1483.9)"
JAY C HARTZELL,"(875.19, 2645.5)"
JAY F COUGHENOUR,"(849.6, 3347.6)"
JAY R RITTER,"(1933.5, 1728.0)"
JAY SHANKEN,"(484.45, 4086.0)"
JEAN TIROLE,"(512.65, 2646.0)"
JEAN-BERNARD CHATELAIN,"(1119.9, 3384.0)"
JEAN-CHARLES ROCHET,"(3766.4, 3031.9)"
JEANNETTE A SWITZER,"(1131.4, 414.0)"
JEFF FLEMING,"(647.49, 2977.9)"
JEFF MADURA,"(2019.3, 1230.2)"
JEFFREY A BUSSE,"(482.3, 1530.0)"
JEFFREY A CLARK,"(339.74, 3538.6)"
JEFFREY H HARRIS,"(2597.5, 2880.0)"
JEFFREY H NILSEN,"(3689.0, 90.0)"
JEFFREY HALES,"(2160.2, 2631.0)"
JEFFREY L COLES,"(2324.9, 1786.1)"
JEFFREY M BACIDORE,"(1904.6, 3916.6)"
JEFFREY WURGLER,"(3553.5, 3420.0)"
JEFFRY M NETTER,"(2883.5, 756.0)"
JENNIFER L KOSKI,"(1967.2, 2481.3)"
JENNIFER N CARPENTER,"(2546.4, 2514.6)"
JENNIFER S CONRAD,"(2703.6, 3256.3)"
JENNY CORBETT,"(459.24, 910.64)"
JENS C JACKWERTH,"(1570.9, 989.48)"
JEREMY BERKOWITZ,"(3988.1, 2134.6)"
JEREMY C STEIN,"(1910.7, 2182.0)"
JEROLD B WARNER,"(2432.9, 1589.6)"
JEROLD L ZIMMERMAN,"(3152.5, 871.93)"
JESPER ANDREASEN,"(3480.2, 4024.6)"
JESPER LUND,"(2074.9, 2783.2)"
JESSICA A WACHTER,"(1061.4, 3114.0)"
JESUS SAA-REQUEJO,"(2311.5, 3076.4)"
JI-CHAI LIN,"(3482.0, 932.01)"
JIANG LUO,"(1833.2, 1875.2)"
JIANG WANG,"(1952.8, 2350.0)"
JIE HU,"(2711.0, 1299.2)"
JIMMY LIEW,"(280.99, 3448.6)"
JIN KYOUNG KIM,"(1494.5, 2089.6)"
JIN-CHUAN DUAN,"(301.14, 838.64)"
JIN-MO KIM,"(1417.6, 3348.3)"
JITH JAYARATNE,"(2837.2, 334.64)"
JOANNA SHUANG WU,"(496.2, 1206.0)"
JOAO AC SANTOS,"(1841.1, 1022.2)"
JOEL F HOUSTON,"(1343.2, 1717.4)"
JOEL HASBROUCK,"(3201.7, 2887.1)"
JOEL PETEY,"(1482.9, 2178.0)"
JOEL T HARPER,"(4200.7, 4068.0)"
JOHN A DOUKAS,"(3210.2, 1746.8)"
JOHN A GODDARD,"(2392.4, 3594.0)"
JOHN BRYANT,"(2231.5, 18.0)"
JOHN C HEATON,"(4211.6, 3168.0)"
JOHN C WILLIAMS,"(4031.0, 2008.6)"
JOHN C YEOMAN,"(137.19, 3582.0)"
JOHN COTTER,"(69.544, 3132.0)"
JOHN D KNOPF,"(3147.8, 4022.4)"
JOHN D MARTIN,"(3015.9, 3222.0)"
JOHN E CORE,"(2801.3, 1607.3)"
JOHN E PARSONS,"(3924.2, 306.0)"
JOHN G MATSUSAKA,"(2529.4, 2019.1)"
JOHN H ROGERS,"(3394.3, 2606.9)"
JOHN H THORNTON,"(3112.1, 3960.0)"
JOHN J MERRICK,"(1665.9, 4356.0)"
JOHN J MINGO,"(71.494, 3204.0)"
JOHN J PUTHENPURACKAL,"(3993.5, 1504.6)"
JOHN J SEATER,"(1640.7, 1682.2)"
JOHN J STANSFIELD,"(1157.3, 2001.6)"
JOHN JACOB,"(1928.0, 4176.0)"
JOHN K WALD,"(1317.0, 2258.8)"
JOHN M BARRON,"(4003.8, 4158.0)"
JOHN M GRIFFIN,"(2420.0, 1920.4)"
JOHN MR CHALMERS,"(2580.9, 1598.8)"
JOHN OS WILSON,"(2462.2, 3586.0)"
JOHN R BOATRIGHT,"(3046.9, 108.0)"
JOHN R GRAHAM,"(2249.3, 1947.0)"
JOHN R NOFSINGER,"(164.94, 2556.0)"
JOHN R WINGENDER,"(4129.5, 4078.6)"
JOHN S HOWE,"(3813.5, 4258.6)"
JOHN S JORDAN,"(1137.1, 3770.4)"
JOHN S LAPP,"(2454.7, 4122.0)"
JOHN SHEA,"(2164.5, 2196.0)"
JOHN V DUCA,"(1869.5, 36.0)"
JOHN W KENSINGER,"(3084.4, 3241.4)"
JOHN Y CAMPBELL,"(3007.5, 1136.3)"
JON DANIELSSON,"(696.49, 2329.9)"
JON FAUST,"(273.19, 1144.6)"
JONATHAN B BERK,"(181.64, 774.0)"
JONATHAN LEWELLEN,"(413.24, 4096.6)"
JONATHAN M KARPOFF,"(2270.5, 1025.5)"
JONATHAN R MACEY,"(2068.1, 2584.7)"
JONATHAN TEMPLE,"(166.89, 1728.0)"
JORGE FERNANDEZ-RUIZ,"(1142.3, 216.0)"
JOSE A LOPEZ,"(4206.6, 3528.0)"
JOSE MANUEL CAMPA,"(437.0, 702.0)"
JOSE SUAY,"(2349.0, 1714.1)"
JOSEF LAKONISHOK,"(1194.6, 802.14)"
JOSEF ZECHNER,"(3335.6, 2159.7)"
JOSEPH A RITTER,"(3626.0, 4104.0)"
JOSEPH CHEN,"(1996.1, 2181.1)"
JOSEPH D PIOTROSKI,"(2114.8, 3988.6)"
JOSEPH G HAUBRICH,"(3554.8, 4114.6)"
JOSEPH P HUGHES,"(3530.8, 2016.0)"
JOSEPH P KAIRYS,"(703.2, 2582.4)"
JOSEPH PEEK,"(1101.5, 3708.0)"
JOSEPH PH FAN,"(3290.4, 1896.4)"
JOSEPH W CHENG,"(1221.0, 2862.0)"
JOSHUA AIZENMAN,"(688.24, 334.64)"
JOSHUA D COVAL,"(3326.9, 3358.3)"
JOSHUA LERNER,"(2789.5, 2697.0)"
JOSHUA V ROSENBERG,"(2933.9, 3635.5)"
JOUAHN NAM,"(3075.5, 4021.9)"
JUERG M BLUM,"(4397.3, 3474.0)"
JUHA TARKKA,"(252.14, 3178.6)"
JUHA-PEKKA NIINIMAKI,"(275.09, 198.0)"
JULIA D'SOUZA,"(1856.7, 4186.6)"
JULIAN R FRANKS,"(1435.7, 3834.0)"
JULIAN WRIGHT,"(367.29, 3664.6)"
JUN CAI,"(1793.8, 3780.0)"
JUN PAN,"(2890.8, 2070.0)"
JUN WANG,"(2703.2, 1213.2)"
JUN-KOO KANG,"(1336.7, 3312.1)"
JUNE ZHANG,"(1807.9, 2439.2)"
JUNXI ZHANG,"(1168.7, 2189.8)"
JYH-LIN WU,"(241.74, 2134.6)"
K ALEC CHRYSTAL,"(4177.0, 478.64)"
K RAMESH,"(3624.3, 1224.0)"
KA-FU WONG,"(2047.6, 1368.0)"
KAJ HEDVALL,"(2527.9, 3744.0)"
KALOK CHAN,"(3477.4, 3078.0)"
KANKANA MUKHERJEE,"(3336.1, 3816.0)"
KAREN H WRUCK,"(913.14, 878.3)"
KARIN P ROLAND,"(3199.8, 3071.4)"
KARIN S THORBURN,"(4326.8, 792.0)"
KARL B DIETHER,"(3663.6, 2664.0)"
KARTIK RAMAN,"(1029.2, 2792.8)"
KASPER ROSZBACH,"(3802.6, 3348.0)"
KATHARINA HAAF,"(1035.8, 4050.0)"
KATHLEEN A FARRELL,"(558.2, 432.0)"
KATHLEEN FULLER,"(2846.9, 817.93)"
KATHLEEN M KAHLE,"(784.74, 180.0)"
KATRINA ELLIS,"(2060.9, 2470.9)"
KATSUTOSHI SHIMIZU,"(3939.3, 2764.6)"
KAY MITUSCH,"(4321.3, 702.0)"
KAYLEE GARDEN,"(650.3, 3590.4)"
KC JOHN WEI,"(4189.6, 2656.6)"
KEE-HONG BAE,"(1400.6, 3299.3)"
KEES G KOEDIJK,"(3799.6, 882.0)"
KEN B CYREE,"(1206.5, 3896.4)"
KENNETH A BOROKHOVICH,"(3584.0, 1951.9)"
KENNETH A CAROW,"(204.84, 2052.0)"
KENNETH A FROOT,"(3481.4, 2232.0)"
KENNETH A KAVAJECZ,"(2464.4, 1166.2)"
KENNETH CARLING,"(3838.2, 3410.4)"
KENNETH J SINGLETON,"(4051.8, 3340.6)"
KENNETH KHANG,"(931.54, 2033.6)"
KENNETH M EADES,"(3165.7, 3690.0)"
KENNETH M LEHN,"(2897.0, 3805.9)"
KENNETH R FRENCH,"(655.49, 2059.9)"
KENNETH R SPONG,"(3182.0, 2943.9)"
KENNETH R STANTON,"(1166.0, 4230.0)"
KENT L WOMACK,"(3297.9, 1209.6)"
KERRY E BACK,"(3397.3, 3226.6)"
KEVEN YOST,"(1136.4, 1026.0)"
KEVIN B GRIER,"(4295.1, 2448.0)"
KEVIN J STIROH,"(95.993, 1152.0)"
KEVIN T JACQUES,"(3361.2, 1349.4)"
KIM WAI HO,"(2950.2, 900.0)"
KIMBERLY C GLEASON,"(1594.7, 1965.7)"
KIN LAM,"(3673.8, 3284.4)"
KISEOK NAM,"(3961.2, 1268.4)"
KJ MARTIJN CREMERS,"(4317.3, 2898.0)"
KLAAS KNOT,"(2784.9, 1504.6)"
KLAAS P BAKS,"(991.44, 3121.1)"
KLAUS BJERRE TOFT,"(943.32, 2520.0)"
KO WANG,"(449.95, 3103.9)"
KOJO MENYAH,"(507.45, 1998.0)"
KOSE JOHN,"(2493.4, 2356.4)"
KRISHNA PALEPU,"(769.14, 4006.6)"
KRISHNA PAUDYAL,"(436.24, 2008.6)"
KRISTIAN RYDQVIST,"(4007.9, 3618.0)"
KRISTIN J FORBES,"(867.45, 414.0)"
KUL B LUINTEL,"(742.69, 1339.9)"
KUMAR VENKATARAMAN,"(662.19, 4176.0)"
KWL LAI,"(2929.3, 4022.4)"
LAKSHMANAN SHIVAKUMAR,"(3107.5, 1386.0)"
LALATENDU MISRA,"(3178.9, 252.0)"
LARRY ALAN BEAR,"(1892.9, 514.64)"
LARRY D WALL,"(1327.9, 4050.0)"
LARRY HP LANG,"(3334.5, 1926.1)"
LARRY Y DANN,"(2612.1, 1530.0)"
LARS EO SVENSSON,"(344.4, 1134.0)"
LARS PETER HANSEN,"(1338.5, 3672.0)"
LASSE H PEDERSEN,"(1494.9, 738.0)"
LATHA RAMCHAND,"(4018.9, 3466.6)"
LAURA BOTTAZZI,"(2460.4, 306.0)"
LAURA CASARES FIELD,"(2314.5, 968.15)"
LAURA E KODRES,"(500.44, 2134.6)"
LAURA T STARKS,"(3011.7, 3365.6)"
LAURENCE BOOTH,"(3133.4, 1937.8)"
LAURENT GERMAIN,"(3540.0, 1692.0)"
LAURIE KRIGMAN,"(3361.7, 1225.1)"
LAWRENCE G GOLDBERG,"(2998.9, 3880.6)"
LAWRENCE KRYZANOWSKI,"(1694.0, 2656.6)"
LAWRENCE M BENVENISTE,"(2888.6, 1979.8)"
LEE PINKOWITZ,"(366.64, 2530.6)"
LEE-BATH NELSON,"(3547.0, 4338.0)"
LEIF ANDERSEN,"(3551.4, 4014.0)"
LEIGH DRAKE,"(897.54, 4150.6)"
LEMMA W SENBET,"(2428.3, 2352.0)"
LEO VAN HOVE,"(94.043, 3366.0)"
LEONARDO BARTOLINI,"(907.05, 1844.4)"
LEONARDO BECCHETTI,"(3743.2, 756.0)"
LEONID KOGAN,"(1788.3, 2357.7)"
LEONIE BELL,"(311.2, 2844.0)"
LEORA F KLAPPER,"(2930.3, 3065.8)"
LESLIE BONI,"(4303.3, 3870.0)"
LESLIE YOUNG,"(486.54, 3042.0)"
LEV BARUCH,"(1596.9, 4204.6)"
LI JIN,"(2158.4, 2340.0)"
LI-GANG LIU,"(2602.6, 1454.8)"
LINDA A TOOLSEMA,"(187.49, 126.0)"
LINDA DEANGELO,"(970.57, 864.0)"
LISA MEULBROEK,"(3726.6, 1530.0)"
LISE GODBOUT,"(2931.1, 674.41)"
LIUREN WU,"(3441.7, 2997.7)"
LIUTANG GONG,"(2174.8, 4158.0)"
LORETTA J MESTER,"(3521.0, 2088.1)"
LORNE N SWITZER,"(3190.2, 1818.4)"
LOUIS GLORFELD,"(3788.4, 1044.0)"
LOUIS KC CHAN,"(1261.7, 774.0)"
LUANN J LYNCH,"(547.94, 3394.6)"
LUBOS PASTOR,"(1745.8, 2520.6)"
LUC LAEVEN,"(2569.0, 1296.0)"
LUC RENNEBOOG,"(1399.1, 3895.9)"
LUCA BENZONI,"(2061.6, 2725.6)"
LUCY F ACKERT,"(1880.7, 1506.1)"
LUIGI GUISO,"(3151.0, 2270.6)"
LUIGI VENTURA,"(432.2, 1872.0)"
LUIGI ZINGALES,"(1845.8, 2039.0)"
LUIS M VICEIRA,"(2059.3, 4338.0)"
LUIS OREA,"(272.54, 1054.6)"
LUISA A FARINHA,"(1797.1, 1079.5)"
LUTZ SCHLOGL,"(3280.8, 4086.0)"
LYNN REES,"(2363.0, 1843.5)"
LYNN WOOSLEY,"(1865.4, 674.41)"
LYNNE EVANS,"(1746.1, 3374.4)"
M ANGELES DE FRUTOS,"(3865.2, 486.0)"
M KABIR HASSAN,"(308.4, 2448.0)"
M SHAHID EBRAHIM,"(1483.4, 1872.0)"
M TROY GIBSON,"(1988.6, 4096.6)"
MAGNUS DAHLQUIST,"(3918.0, 2674.6)"
MAHENDRARAJAH NIMALENDRAN,"(1445.1, 1792.3)"
MAHESH D PRITAMANI,"(538.05, 3996.0)"
MAI ISKANDAR-DATTA,"(1073.6, 2733.6)"
MAKOTO SAITO,"(4218.0, 2998.6)"
MALCOLM P BAKER,"(3529.4, 3488.2)"
MALI KHAN,"(3121.7, 2412.0)"
MANJU PURI,"(1514.0, 3151.0)"
MARA FACCIO,"(3404.0, 1897.2)"
MARC L LIPSON,"(2507.2, 2990.6)"
MARC R FLANDREAU,"(208.74, 2970.0)"
MARC R SAIDENBERG,"(4135.3, 3538.6)"
MARC ZENNER,"(254.09, 3052.6)"
MARCELLO MESSORI,"(2712.0, 1414.7)"
MARCIA MILLON CORNETT,"(908.15, 1088.4)"
MARCO A ESPINOSA-VEGA,"(2249.2, 1502.2)"
MARCO CAGETTI,"(1289.2, 3708.6)"
MARCO DA RIN,"(1594.9, 3272.9)"
MARCO DEL NEGRO,"(3947.5, 3718.6)"
MARCO FRITTELLI,"(3970.3, 3798.0)"
MARCO HOEBERICHTS,"(3418.6, 781.93)"
MARCO PAGANO,"(3263.8, 2175.2)"
MARCO TRONZANO,"(4054.2, 658.64)"
MARIA CARKOVIC,"(3563.0, 2809.7)"
MARIA CONCETTA CHIURI,"(2552.2, 1434.0)"
MARIA VASSALOU,"(352.2, 3438.0)"
MARIE E SUSHKA,"(2857.1, 4021.9)"
MARIO HENRIQUE SIMONSEN,"(1853.7, 738.0)"
MARK A HOOKER,"(157.14, 3870.0)"
MARK A PETERSON,"(1586.9, 550.64)"
MARK B SHACKLETON,"(900.85, 3906.0)"
MARK BERGEN,"(628.14, 3654.0)"
MARK BRITTEN-JONES,"(4014.4, 2394.0)"
MARK C DAWKINS,"(4374.3, 1404.0)"
MARK CAREY,"(2045.5, 878.21)"
MARK CROSBY,"(1371.4, 208.64)"
MARK D GRIFFITHS,"(3426.5, 2381.3)"
MARK E WOHAR,"(2638.6, 859.35)"
MARK GRINBLATT,"(1963.2, 3130.9)"
MARK HRYCAY,"(2089.4, 935.63)"
MARK J FLANNERY,"(3043.4, 3026.3)"
MARK J GARMAISE,"(4340.3, 1944.0)"
MARK LOEWENSTEIN,"(3684.7, 4186.6)"
MARK M CARHART,"(2514.3, 2592.0)"
MARK MITCHELL,"(589.14, 1933.9)"
MARK P TAYLOR,"(3058.7, 4176.0)"
MARK R HUSON,"(2958.6, 3416.8)"
MARK RUBINSTEIN,"(182.29, 4104.0)"
MARK S SEASHOLES,"(3444.8, 2293.9)"
MARK SCHROEDER,"(380.29, 1666.6)"
MARK SHAPIRO,"(2273.3, 4060.6)"
MARKKU MALKAMAKI,"(1512.5, 2482.5)"
MARKUS K BRUNNERMEIER,"(3484.9, 414.0)"
MARTI G SUBRAHMANYAM,"(2234.0, 3862.6)"
MARTIN DD EVANS,"(4322.9, 3402.0)"
MARTIN J GRUBER,"(846.63, 3420.0)"
MARTIN LETTAU,"(3062.2, 1111.7)"
MARTIN MARTENS,"(2035.0, 3529.7)"
MARTIN SCHEICHER,"(2663.0, 1808.4)"
MARTIN URIBE,"(3656.7, 586.64)"
MARTIN WEBER,"(1249.3, 1224.0)"
MARVIN S GOODFRIEND,"(3191.7, 180.0)"
MARY A WEISS,"(3002.2, 2922.2)"
MARY ELLEN CARTER,"(619.15, 3384.0)"
MARY G FINN,"(69.544, 2214.0)"
MASARU KONISHI,"(861.09, 72.0)"
MASSIMO MASSA,"(4369.8, 4320.0)"
MATTHEW J CLAYTON,"(4052.8, 558.0)"
MATTHEW PRITSKER,"(571.65, 2124.0)"
MATTHEW RHODES-KROPF,"(3779.4, 2584.6)"
MATTHEW RICHARDSON,"(1215.5, 2484.0)"
MATTHEW SPIEGEL,"(3283.7, 1529.2)"
MATTHEW T BILLETT,"(4041.1, 738.0)"
MATTHIAS KAHL,"(3071.2, 2142.0)"
MATTI KELOHARJU,"(1990.1, 3200.0)"
MAUREEN MCNICHOLS,"(2313.8, 2916.5)"
MAUREEN O'HARA,"(2034.4, 2520.1)"
MAURIZIO MURGIA,"(3459.6, 514.64)"
MENACHEM BRENNER,"(2615.4, 2322.3)"
MICHAEL A GOLDSTEIN,"(2508.3, 1223.6)"
MICHAEL A SULLIVAN,"(682.59, 4248.0)"
MICHAEL B ADAMS,"(3568.2, 334.64)"
MICHAEL B DEVEREUX,"(4033.2, 1342.6)"
MICHAEL B GORDY,"(3620.9, 4266.0)"
MICHAEL CHUI,"(688.64, 2646.0)"
MICHAEL D RYNGAERT,"(1417.6, 1722.7)"
MICHAEL DE STEFANO,"(620.45, 1116.0)"
MICHAEL FIRTH,"(791.25, 2186.4)"
MICHAEL G HERTZEL,"(2370.2, 1918.0)"
MICHAEL INGLIS,"(641.5, 252.0)"
MICHAEL J AITKEN,"(3628.1, 3824.4)"
MICHAEL J BRENNAN,"(494.9, 3222.0)"
MICHAEL J FLEMING,"(422.79, 108.0)"
MICHAEL J REBELLO,"(2798.7, 1327.1)"
MICHAEL L HEMLER,"(962.14, 2246.2)"
MICHAEL L LEMMON,"(2319.2, 1885.7)"
MICHAEL R PAKKO,"(2306.3, 162.0)"
MICHAEL ROCKINGER,"(703.65, 1718.4)"
MICHAEL S WEISBACH,"(3519.3, 1080.1)"
MICHAEL STEGEMOLLER,"(2919.1, 818.41)"
MICHAEL T KILEY,"(1077.7, 72.0)"
MICHAEL W BRANDT,"(1880.8, 2901.5)"
MICHAEL WOODFORD,"(4190.6, 144.0)"
MICHEL A HABIB,"(2891.4, 1757.5)"
MICHEL CROUHY,"(579.34, 774.0)"
MICHEL DIETSCH,"(1495.5, 2249.5)"
MICHELE BAGELLA,"(3778.8, 818.41)"
MICHELE GAMBERA,"(564.84, 1036.6)"
MICHELLE LOWRY,"(3710.6, 3686.2)"
MIGUEL CANTILLO,"(438.5, 3654.0)"
MIKE BURKART,"(1228.2, 1520.3)"
MIKE DEMPSEY,"(4397.3, 3150.0)"
MIKHAIL CHERNOV,"(3181.8, 2654.7)"
MILIND M SHRIKHANDE,"(2847.8, 1290.7)"
MILIND SATHYE,"(97.943, 54.0)"
MILTON H MARQUIS,"(1537.5, 4042.6)"
MIN SEONG KIM,"(4126.3, 3978.0)"
MING HUANG,"(3365.7, 324.0)"
MING LIU,"(1705.3, 3968.4)"
MING-HUA LIU,"(1892.9, 3382.5)"
MINHO KIM,"(1442.5, 1958.6)"
MIQUEL FAIG,"(374.3, 540.0)"
MIR A ZAMAN,"(4259.7, 216.0)"
MITCHELL A PETERSEN,"(1804.7, 2034.6)"
MITCHELL BERLIN,"(3546.7, 2156.8)"
MOHAMMAD AL-SUHAIBANI,"(1765.2, 2646.0)"
MOON H SONG,"(2655.9, 1932.4)"
MORTEN BENNEDSEN,"(2334.7, 3204.0)"
MOSHE KIM,"(654.39, 1530.0)"
MP NARAYANAN,"(2604.6, 1998.0)"
MUKESH K CHAUDHRY,"(3619.2, 2448.6)"
MURALI JAGANNATHAN,"(3462.4, 1034.6)"
MURILLO CAMPELLO,"(929.39, 4230.0)"
MYRON B SLOVIN,"(2893.7, 3960.0)"
MYRON L KWAST,"(967.79, 334.64)"
NAGPURNANAND R PRABHALA,"(1498.0, 3079.3)"
NANCY E WALLACE,"(3911.5, 2854.6)"
NANCY MARION,"(759.45, 324.0)"
NARASIMHAN JEGADEESH,"(2725.3, 3402.0)"
NARAYANAN JAYARAMAN,"(1205.4, 3010.0)"
NATHAN S BALKE,"(1989.1, 288.0)"
NAVEEN KHANNA,"(4245.1, 1558.6)"
NEIL D PEARSON,"(3825.9, 4078.6)"
NEIL DOHERTY,"(2949.1, 2808.0)"
NEIL ESHO,"(1585.9, 1375.9)"
NELLIE LIANG,"(3635.5, 244.64)"
NEMMARA K CHIDAMBARAN,"(839.33, 738.0)"
NEVEN T VALEV,"(3932.6, 4168.6)"
NICHOLAS C BARBERIS,"(3294.5, 334.64)"
NICHOLAS S SOULELES,"(2394.5, 3934.6)"
NICHOLAS TAYLOR,"(2154.7, 3299.2)"
NICOLA CETORELLI,"(636.05, 1026.0)"
NICOLAE B GARLEANU,"(1530.5, 800.41)"
NIELS HERMES,"(1645.0, 3779.6)"
NIKOLAOS PANIGIRTZOGLOU,"(1321.2, 576.0)"
NIKOLAS TOPALOGLOU,"(3770.3, 3492.0)"
NING GONG,"(785.78, 2394.0)"
NOAH WILLIAMS,"(1325.7, 3758.0)"
NORMAN LOAYZA,"(3702.9, 2790.0)"
ODED SARIG,"(2756.5, 2520.0)"
OISTEIN ROISLAND,"(4339.6, 1872.0)"
OLEG BONDARENKO,"(610.9, 3294.0)"
OLIVER MENG RUI,"(1187.0, 4150.6)"
OLIVER RUI,"(755.63, 2124.0)"
OLIVIER DE BANDT,"(1110.1, 3456.1)"
OTABEK FAZYLOV,"(1805.1, 3294.0)"
OWEN A LAMONT,"(2384.8, 3071.3)"
OYA ALTINKILIC,"(441.89, 622.64)"
OYVIND NORLI,"(1586.7, 3438.0)"
OZ SHY,"(323.35, 3168.0)"
PAMELA NICKELL,"(1588.4, 2778.9)"
PANAYIOTIS THEODOSSIOU,"(3727.4, 2224.6)"
PANICOS O DEMETRIADES,"(814.9, 1340.4)"
PAOLA BONGINI,"(2510.3, 1330.4)"
PAOLA SAPIENZA,"(1291.1, 72.0)"
PAOLO ANGELINI,"(1686.5, 72.0)"
PAOLO F VOLPIN,"(297.89, 36.0)"
PAOLO FULGHIERI,"(3275.0, 4186.6)"
PAOLO GARELLA,"(3123.7, 2338.9)"
PAOLO MAGGIONI,"(790.39, 3841.9)"
PAOLO MANASSE,"(2389.1, 316.64)"
PAOLO PESENTI,"(4127.3, 1180.6)"
PARVEZ AHMED,"(4399.9, 864.0)"
PATRIC H HENDERSHOTT,"(3785.8, 2016.0)"
PATRICIA JACKSON,"(1445.6, 2818.3)"
PATRICIA M DECHOW,"(3763.3, 1579.4)"
PATRICK J COE,"(4171.2, 2556.0)"
PATRICK J DENNIS,"(758.15, 4086.0)"
PATRICK VAN CAYSEELE,"(616.55, 1782.0)"
PATRIK SAEFVENBLAD,"(4302.5, 990.0)"
PATRIK SANDAS,"(4399.9, 4032.0)"
PAUL A GOMPERS,"(2707.0, 2672.0)"
PAUL A SPINDT,"(874.95, 800.41)"
PAUL BENNETT,"(783.83, 2772.0)"
PAUL BROCKMAN,"(447.09, 2278.6)"
PAUL GLASSERMAN,"(278.06, 1296.0)"
PAUL H SCHULTZ,"(4188.5, 226.64)"
PAUL JM KLUMPES,"(829.64, 3916.6)"
PAUL MIZEN,"(4248.2, 468.0)"
PAUL NEWBOLD,"(2601.9, 810.0)"
PAUL PFLEIDERER,"(430.39, 2926.6)"
PAUL STORER,"(2858.9, 673.93)"
PAUL WACHTEL,"(471.45, 342.0)"
PAULINE M SHUM,"(303.09, 550.64)"
PAULO SOARES DE PINHO,"(389.59, 4176.0)"
PAVLE PETROVIE,"(4112.7, 1080.0)"
PEDRO PURROY,"(3983.9, 216.0)"
PEDRO SANTA-CLARA,"(1888.0, 2989.1)"
PEGARET PICHLER,"(3019.6, 1940.9)"
PER STROMBERG,"(3971.2, 4338.0)"
PERVIN K SHROFF,"(4207.7, 2304.0)"
PETER B HENRY,"(96.643, 900.0)"
PETER BOONE,"(2291.2, 738.0)"
PETER BOSSAERTS,"(539.69, 3304.6)"
PETER BREUER,"(92.743, 3960.0)"
PETER CLARK,"(537.54, 3841.9)"
PETER ENGLUND,"(3773.1, 2102.0)"
PETER JG VLAAR,"(1702.5, 1170.0)"
PETER KLEIN,"(570.29, 262.64)"
PETER L ROUSSEAU,"(400.24, 352.64)"
PETER N IRELAND,"(4371.1, 2538.0)"
PETER P CARR,"(2935.9, 2376.0)"
PETER SPREIJ,"(2170.8, 3407.9)"
PETER TUFANO,"(2806.9, 2244.5)"
PHILIP ARESTIS,"(779.29, 1278.0)"
PHILIP E STRAHAN,"(2200.7, 1303.3)"
PHILIP H DYBVIG,"(749.19, 2455.9)"
PHILIP HANS FRANSES,"(2067.3, 3313.2)"
PHILIP MOLYNEUX,"(1834.9, 3350.2)"
PHILIP SCHELLEKENS,"(246.04, 972.0)"
PHILIP VERMEULEN,"(670.89, 3157.9)"
PIERLUIGI BALDUZZI,"(2407.6, 2547.5)"
PIERRE COLLIN-DUFRESNE,"(1511.8, 1062.0)"
PIET SERCU,"(221.79, 460.64)"
PIETER KLAASSEN,"(2083.2, 3420.0)"
PIETRO VERONESI,"(2247.1, 90.0)"
PRASANNA GAI,"(652.04, 2707.9)"
PREM C JAIN,"(424.99, 1216.6)"
PRICHA SETHAPAKDI,"(4090.1, 3456.0)"
QIAN SUN,"(232.65, 2368.6)"
QIANG DAI,"(4123.0, 3330.0)"
R RAVICHANDRAN,"(3330.3, 3952.6)"
R TODD SMITH,"(3061.4, 1314.0)"
R TYRRELL ROCKAFELLAR,"(3742.8, 676.64)"
RACHEL AJ CAMPBELL,"(3835.2, 944.41)"
RACHEL SCHWARTZ,"(821.4, 2456.4)"
RAFAEL A CUESTA,"(343.75, 1044.0)"
RAFAEL LA PORTA,"(2482.5, 3383.0)"
RAFAEL REPULLO,"(4353.1, 2376.0)"
RAFFAELA GIORDANO,"(1280.2, 486.0)"
RAGHAVENDRA RAU,"(207.44, 2700.0)"
RAGHURAM G RAJAN,"(1848.2, 2113.6)"
RAIMONDS KRUZA,"(667.58, 2520.0)"
RAINER SCHOEBEL,"(667.7, 522.0)"
RAJ VARMA,"(781.74, 3222.0)"
RAJESH CHAKRABARTI,"(1656.5, 144.0)"
RAJESH K AGGARWAL,"(3313.2, 1286.1)"
RALPH A WALKLING,"(2579.0, 1929.8)"
RALPH CHAMI,"(4211.7, 900.0)"
RAMA SETH,"(1854.1, 3432.9)"
RAMAN KUMAR,"(947.3, 2106.0)"
RAMAN UPPAL,"(1208.1, 937.69)"
RANDALL MORCK,"(923.15, 2966.8)"
RANDALL S KROSZNER,"(2124.5, 1293.8)"
RANDOLPH B COHEN,"(2778.0, 2653.9)"
RANDY D JORGENSEN,"(1147.3, 1883.9)"
RANGA NARAYANAN,"(226.74, 1224.0)"
RANGARAJAN K SUNDARAM,"(2573.9, 2356.7)"
RANJAN D'MELLO,"(4136.4, 2314.6)"
RASOUL REZVANIAN,"(1827.4, 424.64)"
RAVI BANSAL,"(1365.5, 4222.6)"
RAVI JAGANNATHAN,"(2584.7, 4006.6)"
RAYMOND CHIANG,"(3350.9, 3147.2)"
RE-JIN GUO,"(2813.1, 1989.5)"
REBECCA B TODD,"(1018.4, 2116.4)"
REBEL A COLE,"(1067.9, 1260.0)"
REENA AGGARWAL,"(1444.2, 3128.5)"
REINT GROPP,"(4123.7, 396.0)"
RENE M STULZ,"(2503.2, 1914.4)"
REUVEN LEHAVY,"(2245.9, 2859.5)"
RICARDO DE OLIVEIRA CAVALCANTI,"(3517.0, 2294.4)"
RICARDO REIS,"(1464.6, 2682.0)"
RICCARDO CESARI,"(1859.3, 1430.9)"
RICHARD A COOPER,"(1987.2, 3726.0)"
RICHARD B FLAVELL,"(3835.2, 1448.4)"
RICHARD C MARSTON,"(1348.0, 918.0)"
RICHARD CANTOR,"(1889.0, 108.0)"
RICHARD G SLOAN,"(3713.9, 1616.0)"
RICHARD H THALER,"(4089.5, 2934.0)"
RICHARD J ROSEN,"(3071.7, 396.0)"
RICHARD J SULLIVAN,"(3210.8, 2991.9)"
RICHARD J SWEENEY,"(3209.4, 468.0)"
RICHARD PEACH,"(747.24, 2833.9)"
RICHARD PRIESTLEY,"(2528.8, 108.0)"
RICHARD ROLL,"(3224.3, 1439.3)"
RICHARD S GROSSMAN,"(289.19, 2214.0)"
RICHARD S RUBACK,"(3480.8, 1422.0)"
RICHARD SIMPER,"(968.75, 4140.0)"
RICHARD STANTON,"(165.59, 3726.0)"
RICHARD T BLISS,"(3000.5, 406.64)"
RITA MALDONADO-BEAR,"(1964.2, 504.0)"
RITVARS KUMPINS,"(630.99, 2581.9)"
ROBERT A JARROW,"(1840.7, 3596.2)"
ROBERT B BLISS,"(1249.9, 586.64)"
ROBERT DEYOUNG,"(3137.7, 3017.2)"
ROBERT F DITTMAR,"(1247.7, 2637.8)"
ROBERT F ENGLE,"(2977.9, 3578.2)"
ROBERT F STAMBAUGH,"(1677.1, 2556.2)"
ROBERT F WHITELAW,"(1269.6, 2497.4)"
ROBERT H BATTALIO,"(1619.9, 1440.0)"
ROBERT H GERTNER,"(1739.4, 2212.3)"
ROBERT H JENNINGS,"(1615.8, 1530.9)"
ROBERT J BLOOMFIELD,"(2118.1, 2559.5)"
ROBERT J BRICKER,"(3656.2, 1952.4)"
ROBERT J HODRICK,"(2064.3, 1970.6)"
ROBERT J SHILLER,"(866.55, 1170.0)"
ROBERT L MCDONALD,"(3688.6, 162.0)"
ROBERT LENSINK,"(1601.1, 3722.2)"
ROBERT M CONROY,"(3201.3, 3752.4)"
ROBERT M DAINES,"(3475.0, 90.0)"
ROBERT M DAMMON,"(3368.1, 2740.7)"
ROBERT MARK,"(542.74, 835.93)"
ROBERT MARQUEZ,"(217.64, 1980.0)"
ROBERT PARRINO,"(3026.8, 3437.6)"
ROBERT R GRAUER,"(542.29, 3916.6)"
ROBERT S GOLDSTEIN,"(1568.3, 1106.3)"
ROBERT S HANSEN,"(513.1, 612.0)"
ROBERT S HARRIS,"(3129.1, 3751.9)"
ROBERT SOLLIS,"(2589.2, 896.01)"
ROBERT W VISHNY,"(2492.6, 3326.7)"
ROBERT W WHITE,"(3372.8, 2358.0)"
ROBERTO RIGOBON,"(796.24, 424.64)"
ROBIN D HEWINS,"(3799.6, 1386.0)"
ROBIN L LUMSDAINE,"(2178.5, 2071.0)"
RODNEY D BOEHME,"(3123.5, 3155.2)"
RODNEY M CHUN,"(157.14, 1908.0)"
ROEL MWJ BEETSMA,"(1061.1, 2408.0)"
ROGER D HUANG,"(1757.2, 3841.9)"
ROGER M EDELEN,"(2506.0, 1604.0)"
ROHAN A CHRISTIE-DAVID,"(3668.5, 2412.0)"
ROHAN WILLIAMSON,"(437.85, 2520.0)"
RON KANIEL,"(2492.6, 2672.6)"
RONALD A RATTI,"(4314.5, 72.0)"
RONALD C ANDERSON,"(1363.8, 3474.0)"
RONALD GALLANT,"(1310.4, 2608.4)"
RONALD HUISMAN,"(3763.0, 943.93)"
RONALD J BALVERS,"(1235.1, 2178.0)"
RONALD W ANDERSON,"(914.44, 3582.0)"
RONALD W MASULIS,"(1657.8, 3448.4)"
RONI MICHAELY,"(2016.3, 2428.5)"
ROSS LEVINE,"(3635.9, 2818.1)"
RUBENS PENHA CYSNE,"(1782.5, 748.64)"
RUBY P KISHAN,"(3750.0, 3988.6)"
RUDI VANDER VENNET,"(540.54, 180.0)"
RUDIGER FREY,"(2540.7, 388.64)"
RUDIGER KIESEL,"(1481.9, 2900.4)"
RUNE STENBACKA,"(1790.5, 4104.0)"
RUSS WERMERS,"(97.293, 3438.0)"
RYUZO MIYAO,"(2449.4, 3672.0)"
S ABRAHAM RAVID,"(3981.6, 568.64)"
S RAMU THIAGARAJAN,"(3661.0, 1273.4)"
SAIKAT NANDI,"(2320.3, 234.0)"
SALLY M DAVIES,"(2992.2, 3030.4)"
SAM THOMAS,"(2050.2, 36.0)"
SANDEEP MAHAJAN,"(3138.2, 478.64)"
SANDRA BETTON,"(1601.6, 3578.2)"
SANDRA E BLACK,"(2230.3, 1374.2)"
SANDRINE CORVOISIER,"(4052.5, 406.64)"
SANGKYUN PARK,"(715.79, 4320.0)"
SANJIV R DAS,"(2668.3, 2329.7)"
SARAH THOMSON,"(752.65, 962.41)"
SARAH W PECK,"(1516.7, 280.64)"
SASSAN ALIZADEH,"(1934.0, 2877.1)"
SATTAR A MANSI,"(4225.1, 3628.6)"
SCOTT C LINN,"(1060.2, 424.64)"
SCOTT J WEISBENNER,"(2678.0, 972.0)"
SEBASTIEN LOTZ,"(4024.1, 2484.0)"
SER-HUANG POON,"(2107.8, 3538.1)"
SERKAN SAVASOGLU,"(3485.4, 3545.5)"
SETH D BONIME,"(2896.2, 3004.2)"
SEYED MEHDIAN,"(1898.7, 414.0)"
SHANE A CORWIN,"(2566.2, 2946.6)"
SHANE A JOHNSON,"(1737.4, 1490.6)"
SHANTANU DUTTA,"(663.75, 3716.4)"
SHAOWEN WU,"(312.95, 2124.0)"
SHAWN THOMAS,"(4115.2, 72.0)"
SHEHZAD MIAN,"(1860.0, 4338.0)"
SHELAGH A HEFFERNAN,"(1824.4, 216.0)"
SHENG-SYAN CHEN,"(2900.9, 936.63)"
SHERI TICE,"(4316.3, 1548.0)"
SHERIDAN TITMAN,"(2701.2, 3470.2)"
SHIGERU WAKITA,"(3903.1, 72.0)"
SHLOMO BENARTZI,"(4018.2, 2944.6)"
SHMUEL KANDEL,"(2792.1, 2582.4)"
SHUBHASHIS GANGOPADHYAY,"(2614.8, 720.0)"
SIEW HONG TEOH,"(2965.3, 198.0)"
SILVERIO FORESI,"(3504.5, 2994.0)"
SIMEON DJANKOV,"(3322.3, 1979.8)"
SIMI KEDIA,"(365.79, 712.64)"
SIMON GERVAIS,"(2421.2, 2723.9)"
SIMON JOHNSON,"(2241.9, 774.63)"
SIMONE VAROTTO,"(1601.0, 2836.1)"
SOEREN HVIDKJAER,"(2016.4, 2599.2)"
SOLOMON TADESSE,"(3389.5, 4266.0)"
SOO-WAH LOW,"(3825.1, 1093.4)"
SOOSUNG HWANG,"(3941.2, 3284.4)"
SOPHIE COUTANT,"(668.04, 1656.0)"
SORIN M SORESCU,"(3099.5, 3074.5)"
SREEDHAR T BHARATH,"(2357.1, 2260.8)"
SRIDHAR VISWANATHAN,"(3850.6, 2574.0)"
STACEY L SCHREFT,"(2128.1, 1586.4)"
STANISLAV URYASEV,"(3814.0, 666.0)"
STANKO RACIC,"(2933.6, 3744.0)"
STANLEY D LONGHOFER,"(1865.2, 954.0)"
STANLEY FISCHER,"(4075.4, 990.0)"
STAVROS A ZENIOS,"(3805.9, 3554.4)"
STAVROS PERISTIANI,"(819.45, 2834.4)"
STEFAN STRAETMANS,"(2131.0, 3444.2)"
STEFANIE KLEIMEIER,"(4062.4, 1728.0)"
STEFANO G ATHANASOULIS,"(795.34, 1180.6)"
STEPHANIE SCHMITT-GROHE,"(3728.0, 576.0)"
STEPHEN D SMITH,"(600.05, 2394.0)"
STEPHEN E SATCHELL,"(3905.6, 3222.0)"
STEPHEN J TAYLOR,"(2174.9, 3510.0)"
STEPHEN L AVARD,"(3889.0, 1267.9)"
STEPHEN LEYBOURNE,"(2552.6, 846.63)"
STEPHEN M MILLER,"(3299.5, 3877.9)"
STEVE RUSSELL,"(2323.0, 1484.4)"
STEVE SWIDLER,"(1357.9, 388.64)"
STEVEN A DENNIS,"(2714.9, 3725.6)"
STEVEN L HESTON,"(2249.0, 244.64)"
STEVEN ONGENA,"(4234.6, 3780.0)"
STEVEN R GRENADIER,"(4065.9, 4248.0)"
STEWART C MYERS,"(184.24, 702.0)"
STEWART MAYHEW,"(4344.8, 2214.0)"
STIJN CLAESSENS,"(3256.3, 1957.0)"
STUART C GILSON,"(3551.9, 1432.4)"
STUART L GILLAN,"(3032.8, 3293.7)"
STUART M TURNBULL,"(1796.6, 3653.5)"
SUBAL C KUMBHAKAR,"(1545.5, 2364.8)"
SUBHANKAR NAYAK,"(1508.8, 3006.0)"
SUBHASH C RAY,"(3371.7, 3878.4)"
SUDI SUDARSANAM,"(722.43, 612.0)"
SUDIP DATTA,"(1004.2, 2723.2)"
SUDIPTO SARKAR,"(1489.8, 72.0)"
SUGATO BHATTACHARYYA,"(2680.8, 2093.7)"
SUGATO CHAKRAVARTY,"(2546.3, 180.0)"
SULEYMAN BASAK,"(1105.8, 1742.2)"
SUNDARESH RAMNATH,"(3698.7, 3888.0)"
SUNIL WAHAL,"(2673.3, 3188.1)"
SURESH M SUNDARESAN,"(890.34, 3650.2)"
SUSAN EK CHRISTOFFERSEN,"(2472.8, 2618.0)"
SUSAN ROSE-ACKERMAN,"(874.29, 252.0)"
SUSAN SHU,"(3754.5, 3743.6)"
SUSANA LOPEZ,"(806.38, 1404.0)"
SUZANNE K MCCOSKEY,"(3352.4, 640.64)"
SWAMINATHAN G BADRINATH,"(2667.2, 3114.0)"
SYDNEY C LUDVIGSON,"(3006.5, 1062.0)"
SYLVESTER CW EIJFFINGER,"(3455.2, 720.0)"
SYLVIA C HUDGINS,"(3070.1, 3870.0)"
T CLIFTON GREEN,"(411.09, 1540.6)"
TAKASHI SENDA,"(4401.2, 3546.0)"
TAKESHI YAMADA,"(1261.0, 3318.3)"
TAO-HSIEN DOLLY KING,"(2129.4, 576.0)"
TARIK YOUSEF,"(3242.1, 1321.3)"
TARUN CHORDIA,"(3140.5, 1466.7)"
TARUN KHANNA,"(840.35, 3996.0)"
TAVY RONEN,"(3495.7, 1562.2)"
TEPPO MARTIKAINEN,"(3531.4, 895.35)"
TERENCE LIM,"(1906.6, 2237.3)"
TERRANCE ODEAN,"(2365.8, 2782.7)"
TERRENCE HENDERSHOTT,"(954.85, 504.0)"
THEO E NIJMAN,"(3228.0, 936.0)"
THEODORE E DAY,"(2022.8, 3788.4)"
THEODORE M BARNHILL,"(1023.8, 594.0)"
THIERRY ANE,"(2805.5, 2393.3)"
THOMAS DONALDSON,"(3228.1, 558.0)"
THOMAS F COOLEY,"(1515.6, 460.64)"
THOMAS F SIEMS,"(410.95, 3528.0)"
THOMAS H NOE,"(2777.3, 1249.9)"
THOMAS HELLMANN,"(1558.8, 3209.9)"
THOMAS J GEORGE,"(4016.3, 838.64)"
THOMAS J SARGENT,"(1375.1, 3721.4)"
THOMAS LUX,"(1742.9, 3071.2)"
THOMAS MILLER,"(1244.6, 1988.3)"
THOMAS P BOEHM,"(1134.3, 3895.9)"
THOMAS RONDE,"(2347.5, 432.0)"
THOMAS W DUNFEE,"(3156.8, 568.64)"
THOMAS W HAZLETT,"(3827.4, 2314.6)"
THOMAS W SAGER,"(1639.0, 352.64)"
THORSTEN BECK,"(3694.4, 2861.3)"
TIE SU,"(3884.8, 4248.0)"
TIL SCHUERMANN,"(1818.4, 2768.3)"
TIM BOLLERSLEV,"(1947.9, 2747.0)"
TIM JENKINSON,"(239.99, 2854.6)"
TIM R ADAM,"(1937.6, 1584.0)"
TIMOTHY A KRUSE,"(1081.6, 1156.7)"
TIMOTHY C JOHNSON,"(2082.7, 180.0)"
TIMOTHY COGLEY,"(3257.7, 90.0)"
TIMOTHY LOUGHRAN,"(2006.2, 1761.9)"
TIMOTHY N CASON,"(4322.9, 1062.0)"
TIMOTHY P OPIELA,"(3821.2, 3978.0)"
TIMOTHY R BURCH,"(164.94, 3654.0)"
TIMOTHY W KOCH,"(3655.7, 2498.0)"
TJ WONG,"(2894.0, 208.64)"
TOD PERRY,"(325.3, 3042.0)"
TODD C PULVINO,"(625.73, 1872.0)"
TODD MITTON,"(72.144, 2484.0)"
TOM NOHEL,"(4185.0, 4168.6)"
TOMER REGEV,"(2727.8, 252.0)"
TOMMY BERGER,"(3736.5, 2052.6)"
TONI M WHITED,"(97.943, 558.0)"
TONY CAPORALE,"(4223.8, 2458.6)"
TOR EINARSSON,"(1608.7, 4032.0)"
TOR JACOBSON,"(3766.0, 3409.9)"
TORBEN G ANDERSEN,"(1994.8, 2765.4)"
TORBEN M SKODEBERG,"(525.79, 1288.6)"
TRACIE WOIDTKE,"(2264.4, 4320.0)"
TULLIO JAPPELLI,"(3208.7, 2224.5)"
TUOMO VUOLTEENAHO,"(2758.7, 2730.5)"
TYLER SHUMWAY,"(3275.0, 3411.6)"
UPINDER S DHILLON,"(2838.5, 1195.9)"
URBAN J JERMANN,"(2701.6, 460.64)"
URS C PEYER,"(1254.9, 3186.0)"
URS W BIRCHLER,"(2047.1, 1026.0)"
UTPAL BHATTACHARYA,"(1385.3, 1407.7)"
V RAVI ANSHUMAN,"(3187.2, 1418.1)"
VALERIE R BENCIVENGA,"(2162.2, 1440.0)"
VENKATESH PANCHAPAGESAN,"(1181.9, 684.0)"
VICENTE SALAS,"(3912.6, 226.64)"
VICTOR E LI,"(1249.7, 3114.0)"
VICTOR MURINDE,"(862.6, 3842.4)"
VICTORIA SAPORTA,"(1472.8, 2757.6)"
VIDHAN K GOYAL,"(2969.2, 3806.4)"
VIJAY SINGAL,"(466.84, 4006.6)"
VIKAS MEHROTRA,"(951.53, 2898.0)"
VIKRAM K NANDA,"(2613.9, 2056.1)"
VINCENT A WARTHER,"(2563.2, 2084.8)"
VINCENZO QUADRINI,"(1586.8, 450.0)"
VIRAL V ACHARYA,"(2537.8, 2426.9)"
VIVIEN BEATTIE,"(717.03, 900.0)"
VOJISLAV MAKSIMOVIC,"(3089.7, 1984.7)"
W SCOTT FRAME,"(1793.2, 673.93)"
WAI-MING FONG,"(3421.6, 3127.4)"
WALID Y BUSABA,"(2864.2, 1930.8)"
WALLACE N DAVIDSON,"(1443.1, 2101.7)"
WALTER NOVAES,"(121.79, 306.0)"
WARREN BAILEY,"(3549.6, 3096.3)"
WAYNE E FERSON,"(887.65, 1976.2)"
WAYNE H SHAW,"(3346.0, 1152.0)"
WAYNE R GUAY,"(2728.9, 1599.3)"
WAYNE R LANDSMAN,"(2726.6, 3327.5)"
WAYNE W YU,"(965.62, 3028.0)"
WAYNE Y LEE,"(2613.5, 594.0)"
WEI XIONG,"(365.2, 1368.0)"
WILLEM J KOOI,"(1520.5, 4122.0)"
WILLIAM A REESE,"(3544.9, 1148.8)"
WILLIAM C HUNTER,"(528.84, 2404.6)"
WILLIAM COLEMAN,"(3156.8, 4266.0)"
WILLIAM EASTERLY,"(4004.1, 1000.6)"
WILLIAM F MAXWELL,"(952.59, 604.64)"
WILLIAM F TREACY,"(2021.5, 810.0)"
WILLIAM FUNG,"(275.34, 3934.6)"
WILLIAM G CHRISTIE,"(2639.2, 2938.0)"
WILLIAM J WILHELM,"(2941.5, 1912.6)"
WILLIAM T SMITH,"(2915.0, 4338.0)"
WILLIAM W LANG,"(3096.1, 3003.6)"
WILSON HS TONG,"(303.85, 2358.0)"
WOJCIECH W CHAREMZA,"(2452.8, 522.0)"
WOLFGANG BESSLER,"(4256.3, 4158.0)"
WOLFGANG HAMMES,"(2344.6, 4050.0)"
WOODROW T JOHNSON,"(2629.8, 3245.2)"
XAVIER FREIXAS,"(3838.6, 3032.4)"
XIAOYAN ZHANG,"(2017.5, 1897.1)"
XIAOZU WANG,"(1829.4, 3842.4)"
XUEPING WU,"(293.0, 450.0)"
Y PETER CHUNG,"(3494.0, 3145.7)"
YACINE AIT-SAHALIA,"(1797.2, 2907.8)"
YAN JIN,"(206.85, 1306.6)"
YANGRU WU,"(1242.5, 2242.4)"
YEN-TING HU,"(1541.1, 2904.0)"
YENER ALTUNBAS,"(1808.2, 3385.0)"
YEXIAO XU,"(3032.1, 1194.1)"
YIHONG XIA,"(423.69, 3232.6)"
YING-FOON CHOW,"(1669.7, 3906.0)"
YISHAY YAFEH,"(4316.8, 2052.0)"
YISONG S TIAN,"(1808.2, 1508.3)"
YIUMAN TSE,"(3494.8, 846.0)"
YONG WANG,"(2460.3, 4222.6)"
YRJO KOSKINEN,"(3391.9, 244.64)"
YUE-CHEONG CHAN,"(4260.8, 2646.0)"
YUEWU XU,"(270.45, 3258.0)"
YUICHI FUKUTA,"(4289.2, 2988.0)"
YUMING LI,"(2361.8, 2430.0)"
YUNG LAM,"(1658.1, 1376.4)"
YUQING ZHOU,"(522.15, 3104.4)"
ZHENYU WANG,"(2656.0, 3996.0)"
ZHIWU CHEN,"(2975.1, 2567.8)"
ZORICA MLADENOVI,"(4041.4, 1090.6)"
ZUR SHAPIRA,"(2174.2, 2998.6)"
